﻿Designator,Footprint,Quantity,Value,LCSC Part #
"C1, C10, C12, C7, C9",C_Elec_6.3x5.4,5,47u,
C11,0805,1,56n,
C2,C_Elec_8x10.2,1,220u,
C3,0805,1,15p,
C4,C_Elec_6.3x5.4,1,100u,
C5,0805,1,100n,
C6,1206,1,4u7,
J1,PJ-320D,1,PartyLineIn,
J2,PJ-320D,1,PartyLineOut,
J3,PJ-320D,1,ExtIn,
J4,PJ-320D,1,Headset,
"R1, R11, R12, R14, R2, R8",0805,6,56k,
"R10, R4, R9",0805,3,1k,
"R13, R15, R16",0805,3,10,
"R3, R6, R7",0805,3,10k,
R5,0805,1,100,
RV1,3314J-1,1,1M,
"RV2, RV3",PinSocket_1x03_P2.54mm_Vertical,2,10k,
"SW1, SW2",PinSocket_1x03_P2.54mm_Vertical,2,SW_SPDT,
U1,SOIC-8_3.9x4.9mm_P1.27mm,1,NE5532DR,
U2,SOP-8_3.9x4.9mm_P1.27mm,1,LM386G-S08-R,
